CompletionTime_us,FlowSize_B,FCT_us
100062,1415,62
100063,2600,63
100065,5018,65
100066,5944,66
100066,6123,66
100067,7331,67
100111,23138,111
100115,27837,115
100116,29658,116
100121,100,121
100139,1956,139
100140,2368,140
100158,54138,158
100162,4187,162
100162,1912,162
100162,4109,162
100167,66082,167
100169,4817,169
100177,6796,177
100177,4214,177
100185,7108,185
100192,6859,192
100196,6257,196
100214,8759,214
100220,9284,220
100235,9342,235
100240,11511,240
100259,10813,259
100285,13305,285
100328,16024,328
100337,21693,337
100370,18223,370
100373,14726,373
100376,23763,376
100384,23426,384
100394,19330,394
100430,23103,430
100431,23503,431
100442,23546,442
100459,28405,459
100466,9117,202
100481,28807,481
100483,25575,483
100488,46855,149
100524,26550,524
100553,9281,249
100569,32623,569
100573,28765,573
100576,35878,576
100613,35499,613
100614,37330,614
100631,14490,169
100639,526618,639
100640,30484,640
100645,37232,645
100651,38570,651
100651,26846,424
100673,9612,176
100678,22341,268
100728,45504,728
100745,6183,160
100847,47254,847
100864,2024,143
100881,46870,881
100898,49819,898
100906,67554,331
100975,53236,975
100988,60418,565
100993,9094,196
101016,53113,1016
101047,48016,1047
101095,55225,1095
101097,63891,1097
101098,54970,1098
101107,73285,1107
101148,71944,1148
101180,78942,1180
101186,77247,1186
101194,50842,1194
101199,58855,1199
101202,76779,1202
101209,68778,168
101223,70650,1129
101282,25151,346
101335,56174,397
101348,16516,247
101360,4543,148
101386,37693,397
101398,36119,122
101401,76628,1401
101451,77813,1451
101480,72636,1480
101501,69611,1501
101582,4072,131
101586,70918,362
101627,50878,1046
101709,25526,253
101753,61961,983
101783,27251,280
101794,120529,584
101850,6179,162
101857,158631,1857
101903,107076,1903
101938,21723,266
102001,26113,242
102024,57535,885
102026,75067,2026
102107,24616,255
102189,170531,2189
102218,24750,376
102292,9578,152
102340,10942,70
102384,69642,1602
102398,9315,174
102403,40839,565
102450,38821,301
102469,33884,261
102511,66904,399
102584,1767,158
102588,7027,229
102590,77274,2590
102696,2603,188
102777,18501,273
102806,2987175,2806
102826,162722,2826
102849,121154,2849
102880,149450,1287
102892,3020,159
102900,34223,402
102982,40902,743
102993,51220,775
103032,78524,936
103079,824647,960
103091,64021,1216
103114,29828,366
103153,38386,129
103179,43907,355
103223,49327,820
103241,77487,175
103349,10264,192
103378,741,162
103384,9990,166
103402,65538,849
103446,67500,549
103484,59130,785
103489,42414,384
103492,43611,566
103514,1396,213
103736,48277,695
103767,1227133,1693
103816,21989,297
103997,3831,154
104136,2240,205
104243,71597,770
104347,71693,1370
104351,22975,275
104429,2689,63
104501,38557,400
104507,9949,182
104534,135605,2179
104535,4165,64
104575,31165,416
104598,24844,268
104656,47679,376
104668,67713,166
104689,32564,287
104906,8070,172
104908,396882,4908
104941,5408961,4941
105042,1486,170
105051,77936,1673
105102,2432983,2306
105396,544394,694
105539,7931,188
105594,73829,1981
105640,15507,104
105725,168064,286
105732,59469,485
105812,3622,155
105920,71150,2005
105972,2017444,2629
105976,5272,158
105987,4051738,3976
105992,50853,475
106000,175944,2935
106107,23780,273
106109,58671,448
106132,2712205,2870
106372,158112,3061
106405,19392,261
106429,91580,806
106466,11524,183
106479,68233,745
106663,102381,2013
106726,22687,289
106734,72601,1422
106747,22222,298
106843,195434,3700
106873,18908,271
106967,66712,1690
107003,69723,2775
107005,104350,2427
107024,14360,193
107054,78143,1028
107057,24523,280
107080,195169,3628
107169,13356,168
107241,51174,153
107273,251225,5464
107303,49678,371
107311,23735,257
107431,8586,180
107473,21076,292
107534,77543,1113
107566,8029,167
107588,7622,151
107615,50411,607
107646,12387,170
107652,2909,147
107664,4911,171
107668,8312,179
107791,22769,302
107793,533633,7793
107801,25726,302
107909,1469,151
108062,80188,1356
108142,34474,380
108239,180071,2348
108253,788222,8253
108259,62664,1180
108326,5240,158
108397,987517,1090
108509,40993,477
108604,281,163
108605,38472,590
108659,51935,153
108796,3179,176
108801,594,164
108858,24766,300
108878,14370,184
108954,7247,155
108988,72649,1167
109012,2811,148
109020,224,157
109065,24036,274
109082,465653,628
109114,635232,9114
109287,571022,9287
109293,17892,290
109330,75744,1960
109338,531179,813
109347,36555,125
109351,4216299,6012
109354,139295,1828
109380,1916,168
109420,52977,1432
109726,28443,382
109878,48851,152
109930,19176,285
109935,44083,145
110034,684207,9826
110123,237411,2183
110127,187133,5632
110187,22252,294
110234,580315,10234
110335,68361,172
110564,4139,174
110631,56086,1562
110801,789255,10801
110846,54203,403
110930,103847,2527
110951,831770,10951
111007,65410,1038
111030,77994,1807
111094,5180,168
111195,35407,500
111196,4541381,7450
111198,106725,206
111246,101974,1404
111292,55710,807
111382,14728,325
111410,889161,8675
111458,7885,173
111514,44699,1022
111553,5982,157
111570,6212,160
111592,9381,210
111600,44750,778
111711,28812,435
111732,538808,9888
111734,183757,3166
111810,14347,174
111852,53467,1181
111920,420847,7061
111960,32729,121
111999,604,134
112001,54147,693
112056,7371088,7091
112077,9716,230
112137,20482,244
112149,1831,62
112181,38438,126
112214,3180,165
112224,20099,254
112230,26137,313
112243,107517,1698
112299,20542,283
112382,29138,287
112398,18850,276
112399,1117981,12399
112400,75172,1376
112467,77688,385
112475,8032,175
112563,167585,2357
112575,21913,335
112671,49461,769
112843,62137,744
112855,52000,1044
112883,951,61
112915,15090,251
112933,77712,1989
113025,464337,12243
113031,26816,363
113055,11734,166
113133,25578,113
113236,1202115,1525
113254,67468,625
113306,14365,194
113397,9167,167
113523,12595,214
113528,60112,1161
113543,31267,438
113548,231194,5829
113557,7910,173
113560,7545,169
113571,17236,327
113571,8481,202
113635,62446,1302
113769,14524,180
113771,26445,317
113801,48640,718
113908,1615,179
113936,918703,13865
114036,3994786,3798
114037,6934185,6597
114137,8831,164
114165,39367,622
114240,3166,180
114341,7607,148
114450,5496,159
114509,1444,178
114622,25591,283
114650,9992,193
114673,406,146
114696,45622,409
114719,3471,169
114839,77669,1516
114872,175645,6174
114913,14532,186
114976,3662,184
114981,127694,4491
115105,327554,4562
115112,46815,657
115139,29680,387
115143,27814,294
115152,58808,1116
115220,56266,837
115328,853,157
115362,7481,213
115381,77956,630
115385,4094,155
115397,7766,159
115456,24172,112
115482,346074,7808
115496,23445,306
115593,95353,191
115615,9704,197
115668,62635,1047
115741,26,166
115743,7878,173
115796,901928,15796
115805,439298,11421
115897,933024,15129
115909,23690,111
115954,3336112,4355
115971,2676,177
115984,163119,7144
116066,27010,345
116073,1685,191
116101,7725,192
116207,22022,328
116317,5268,65
116320,61103,1210
116359,8908,206
116514,35087,452
116554,4020,64
116620,4394,65
116643,434914,7174
116665,134989,4865
116672,2401,154
116705,1068295,1473
116767,9987,205
116804,50266,823
116853,28622,292
116989,58540,1036
117021,2465,63
117080,38975,611
117181,51870,1071
117223,3649,169
117239,6161,180
117291,753885,17291
117450,132315,4385
117460,14775,276
117567,3905,167
117734,61635,528
117803,29581,416
117804,77372,2289
117806,54744,406
117830,380113,512
117840,7825,163
117845,31649,402
117852,65196,205
117920,197726,282
117928,26744,386
117968,146866,1229
118035,24512,112
118053,9044,188
118073,2553,150
118132,294466,11092
118153,3992,177
118165,70833,810
118265,32189,398
118283,72524,2756
118288,7958,90
118313,77374,1246
118397,18965,290
118485,18414,307
118488,78213,2338
118505,2738,151
118574,571234,14924
118595,2280,153
118690,7419,185
118698,28113,415
118710,13072,212
118731,68712,2150
118754,31445,324
118768,870134,18768
118832,9772,180
118872,7248,180
118928,9050,157
118946,581003,12957
118955,118143,2865
118972,86738,1058
118990,5853,174
119057,51488,482
119199,183242,5234
119250,2525640,2481
119315,76418,2122
119318,161285,308
119321,10487334,12546
119520,1657609,1724
119612,29557,536
119685,12849,172
119719,24459,302
119793,78880,3075
119824,56970,650
119856,25741,282
119902,23501,336
119934,12307,192
119959,5068,164
119974,24136,268
119975,1115,158
120182,687,160
120418,25443,114
120447,586045,13959
120576,18293,262
120702,1008312,19379
120809,28779,312
120821,29379,447
120902,3488,173
120928,44886,548
120936,30094,288
120938,60329,1311
120939,6342787,8393
120981,16785,281
120987,54164,1187
120998,72696,1470
121076,22947,281
121081,12488,180
121094,76714,1589
121095,38021,652
121114,66369,1656
121160,28313,115
121203,56460,158
121274,3749,192
121465,22004,264
121525,549,148
121565,6602,172
121624,1292044,21624
121632,1252565,21632
121723,837,168
121784,21457,311
121803,25747,116
121835,329824,9658
122026,3719,142
122148,69082,1623
122172,31085,504
122206,4406,204
122356,3911,162
122471,8275,170
122506,68127,1110
122515,60861,1140
122523,39447,634
122538,29201,266
122620,48927,721
122639,58056,1148
122696,849040,22389
122749,174264,6036
122839,38513,728
122856,155636,5136
122886,54865,916
122911,90258,2545
123084,73623,2017
123088,1110877,19507
123092,4086,157
123108,6613,67
123245,26593,305
123260,9722,178
123301,23537,345
123341,71376,1264
123396,6072,189
123443,25800,117
123458,670897,19425
123493,1298,171
123576,31500,338
123676,20734,109
123694,43966,146
123787,732780,15586
123788,148884,245
123882,10607,177
123908,44572,724
123934,9689,192
123940,56695,651
124097,27874,411
124105,16898,294
124116,2324,152
124336,28080,276
124408,17331745,15952
124455,70699,859
124465,55556,1210
124521,19791,300
124544,54525,1100
124554,9952,173
124632,23821,111
124696,9257,154
125019,74967,3314
125075,5175,196
125135,33828,443
125224,8896197,13003
125234,71313,1790
125258,6057,175
125281,177878,10233
125298,59770,2121
125417,44021,145
125512,22335,310
125514,1611,175
125530,66943,1617
125665,1324503,1616
125683,19812,261
125800,839807,25800
125838,11582,194
125946,166907,3938
125954,64128,746
125995,15655,286
126012,60393,674
126012,48598,542
126172,18360,289
126202,11510,185
126207,2528,171
126253,14132,175
126258,42728,391
126258,2309,138
126329,13470,206
126437,65185,1538
126447,95426,197
126499,492296,14880
126551,151818,1942
126577,24467,287
126595,47627,452
126628,18396,304
126636,208386,7633
126645,69086,1801
126692,5769,189
126809,25809,308
126814,14072,198
126838,789152,928
126966,15528,268
126978,1081956,22281
127021,854,200
127069,7174,177
127079,566076,12863
127189,69628,2159
127210,527017,22285
127224,64989,2669
127265,9701,71
127271,1462,192
127354,114125,2574
127405,685,177
127410,29525,519
127455,5144,181
127519,18983,290
127531,1228012,19703
127538,57891,1069
127640,4650,185
127677,48855,421
127679,1683228,1691
127714,23035,287
127719,398602,10311
127756,8073,206
127844,69074,738
127867,51479,439
127910,38887,598
127926,33676,517
127978,41805,753
127978,3532,165
128025,1096012,28025
128061,103680,1303
128139,20957,291
128199,42500,127
128282,15252,293
128286,14582,224
128313,34416,436
128336,8397,195
128338,21215,311
128350,1965,180
128391,6548,148
128405,28096,430
128411,9892,205
128417,8712,235
128436,5072,219
128487,27703,448
128546,61059,1143
128600,35489,123
128734,147679,256
128762,137889,5774
128777,152506,246
128895,59766,551
128967,1208575,28967
129051,8326,188
129096,195368,12321
129158,833426,16917
129215,99977,2874
129309,46106,1129
129420,20504,110
129434,16737,319
129534,23231,315
129568,5615,182
129573,32354,325
129589,3402,162
129625,20773,295
129684,73313,524
129893,53213,1455
129914,6118,67
129956,58301,158
129958,89343,187
129973,14775,297
129989,123573,5841
130034,44674,883
130101,37737,661
130153,5554,201
130197,923,150
130315,44390,635
130337,560199,15408
130375,225136,4202
130399,46989,846
130407,38,173
130423,66143,1582
130507,72524,3448
130512,33727,123
130562,6574,192
130593,25958,301
130709,31186,119
130807,950204,30807
130817,78386,1377
130898,79905,3332
130996,8565,185
131082,4939,190
131092,5751,187
131183,38460,651
131221,657921,828
131224,29271,391
131249,49385,924
131322,9822,169
131372,39842,413
131378,452649,10087
131499,31303,437
131522,13949,174
131533,61609,1288
131561,46967,418
131589,540700,707
131635,51575,929
131637,8356,206
131654,934,163
131677,39694,126
131730,52426,816
131745,24677,302
131868,51728,1343
131908,46355,505
131947,27025,302
131979,6547,167
131998,16219,281
132015,721802,18161
132178,34125,512
132209,6129,78
132240,119051,4987
132269,37490,302
132322,1512,164
132393,59489,2103
132471,9069,194
132485,8737,196
132516,1347324,32516
132519,120526,217
132681,1770720,28246
132979,22235,297
132987,2595309,2631
133049,1056596,33049
133051,23687,322
133120,40484,849
133208,41684,638
133237,31271,420
133332,79709,180
133393,132928,5117
133394,70596,566
133498,194032,11286
133511,39720,545
133594,55616,1197
133716,3491,156
133853,8252,199
133882,7239,189
133915,77560,2014
133932,40382,309
134047,224,179
134053,17080,293
134109,41314,661
134113,46700,805
134114,53039,1131
134163,1176,160
134177,66833,1850
134199,44135,225
134303,23856,335
134524,5764,66
134575,19371,285
134615,54509,455
134795,77184,3616
134845,27510,411
134920,4049,189
134924,528372,16915
134927,1229915,1463
134978,4039,211
135073,1072888,26652
135116,83951,3043
135202,23332,319
135253,26133,315
135389,11104,187
135431,47109,1327
135552,1693,189
135567,3818,178
135771,24259,124
135826,72867,1755
135856,45816,1526
135878,36527,567
136063,801992,1245
136067,19009,317
136111,71168,1151
136119,23520,329
136127,156837,6377
136185,1267,163
136416,134202,2744
136448,75981,1719
136470,40054,643
136519,1405439,1903
136570,26376,281
136583,67003,169
136651,61295,2127
136663,14790,312
136709,1441543,1548
136859,78088,175
137016,43336,697
137081,61230,484
137233,34679,366
137238,8551,204
137416,5312,186
137462,74468,774
137567,397905,15102
137582,61681,162
137612,434677,13846
137648,4727,173
137710,22462,288
137804,30302,568
137895,26684,299
137927,5694534,5659
137975,41557,127
137982,52562,630
138037,54506,1608
138215,622947,25912
138238,8972,226
138298,24473,394
138312,99843,198
138315,68943,1919
138400,440223,13531
138533,8213,208
138623,24772,328
138682,27102,494
138683,5229,182
138691,38512,978
138718,6681,190
138764,5760,207
138853,543590,23165
138858,13234,204
139011,3068,155
139049,73086,3240
139130,8644,180
139137,52856,439
139206,24837,296
139274,154116,9704
139274,485,232
139315,49969,853
139442,1285987,39442
139449,30771,481
139522,42332,803
139525,38507,658
139533,32645,498
139558,296519,14052
139570,7337,202
139611,23851,326
139647,34270,454
139667,9999,181
139704,192061,7446
139738,15538,295
139741,2032,63
139933,65008,205
139948,128623,4448
140053,56508,998
140101,290491,16699
140143,18709,332
140168,531,187
140216,72525,2444
140266,66371,1895
140278,97497,1911
140356,63435,164
140376,4125,162
140420,688350,832
140481,8337,201
140483,118814,6091
140506,55123,1675
140532,1728,189
140545,44473,993
140549,4711,195
140550,58284,772
140568,15328,290
140571,56582,2057
140596,11603571,11131
140613,3128,202
140625,2755,63
140734,38337,130
140806,42105,450
140891,2302,166
140995,9830996,9413
141030,156572,7417
141031,140980,2960
141137,2122,186
141152,208536,287
141193,35672,380
141214,359,166
141262,31331,120
141402,176659,9116
141569,141432,232
141604,23533,327
141644,40822,126
141662,1934,163
141687,15164,104
141698,38343,638
141731,39618,660
141817,1666,183
141882,147819,7508
141931,79964,3358
142086,4740,170
142268,8232,221
142288,61035,1380
142318,8522,167
142330,61346,165
142408,132368,6793
142442,40419,432
142474,1217,171
142493,32222,121
142537,78984,3120
142589,7802,200
142640,199695,4965
142679,103331,201
142694,23244,354
142720,1725942,41302
142740,20212,325
142741,42635,750
142757,45515,1132
142804,8926,186
142818,4684413,4835
142827,52110,1619
142861,804361,35624
142933,1365663,24979
142949,63007,190
143032,23293,331
143032,2144,63
143036,72747,3324
143147,603720,849
143251,129566,222
143283,35058,501
143286,882183,1302
143304,1150,166
143333,41234,613
143396,42041,717
143421,20630,110
143445,4096,65
143478,744159,884
143493,6415,182
143602,103033,5440
143717,42828,128
143762,7256,186
143788,71400,171
143840,17522,337
144000,23841,320
144059,880228,28573
144072,356530,9201
144115,7454,167
144118,1119600,44118
144185,41831,682
144247,16093,308
144296,101678,3749
144305,76805,1362
144401,8692,168
144411,88779,4537
144442,60854,1038
144457,5358,216
144543,18350,360
144604,37909,543
144798,46375,772
144833,34260,582
144840,141114,246
144941,321577,14392
144968,42541,444
144985,28036,429
145014,49240,151
145076,16066,331
145093,374,191
145132,1357443,32528
145141,58832,2285
145156,13503,74
145174,8089,228
145237,3842,199
145277,25122,308
145284,9269,213
145347,63674,1017
145360,1101145,1972
145373,857737,30102
145382,76172,3586
145412,12460,221
145424,64734,2473
145429,53271,1326
145453,28413,360
145474,4905,188
145487,197524,11527
145501,251755,11378
145576,48343,529
145603,2959,152
145666,5014,181
145723,61167,987
145899,63175,1604
145959,78096,2406
145975,180688,9882
146052,375697,14453
146060,77027,2383
146102,2725257,6443
146194,544038,17769
146265,6762,184
146279,69912,3377
146301,611242,25808
146454,171907,5022
146454,10694,181
146472,6777,195
146488,358200,11989
146615,5976,215
146619,6679,186
146619,55049,156
146662,1000305,1225
146665,25535,326
146731,21593,297
147009,2679223,3749
147194,67917,1519
147258,17577,314
147363,8124243,9674
147442,21842,110
147532,9695,188
147613,9255,193
147651,68944,2170
147671,2339,176
147766,4088770,3815
147960,51232,1681
147963,53284,574
148102,55659,995
148107,51465,644
148320,21436,350
148375,5936,174
148430,47507,1426
148585,395343,13096
148718,77120,2701
148727,5190,178
148730,54420,927
148839,49157,1502
148865,306760,16147
148914,5837,173
148941,42052,130
148949,5768,177
149054,38432,649
149080,25598,322
149138,29784,442
149140,11582,216
149169,2759495,3076
149176,1032,181
149176,26031,346
149216,60976,163
149220,31645,452
149231,334,194
149469,24686,301
149531,6172,233
149607,23631,331
149620,29311,308
149764,1077,195
149794,29475,456
149867,21620,313
149943,31314,457
149955,910849,44053
149985,25186,327
149987,512095,20233
150032,1131747,45008
150047,203817,9017
150064,67580,168
150109,1260669,50109
150179,11160,216
150194,98605,4062
150370,31768,120
150379,4677,159
150431,73222,793
150436,30883,478
150502,7887,173
150505,31741,118
150563,61403,163
150573,21415,342
150606,74285,2239
150636,22157,302
150698,22159,322
150756,831,179
150786,1822407,38834
150844,68244,2602
150851,97441,206
150888,95406,3714
151022,48800,1558
151109,22593,287
151128,2948,199
151306,7162,189
151345,67281,2597
151452,7231,219
151484,54993,1110
151522,5219,226
151589,72820,1920
151603,120105,5697
151631,38504,610
151650,3813,186
151800,1608912,51793
151847,5418091,5191
151931,23847,304
152091,76160,2726
152129,4421,218
152134,3426,166
152188,40845,576
152206,30474,457
152277,55976,1389
152281,70831,3504
152464,163,208
152493,12908,177
152582,23913,112
152593,35664,528
152602,28535,496
152624,22260,391
152709,41983,668
152755,1761300,52495
152756,1151536,33075
152796,1335515,43987
152817,1316234,1427
152922,613453,31038
152976,6636,225
152989,23174,373
152997,37247,622
153009,26665,456
153112,41063,430
153131,51899,155
153158,9929,220
153195,13372,243
153272,169003,9976
153291,19753,315
153325,1533544,53325
153326,36988,719
153348,24814,292
153360,534345,27168
153377,14724,103
153417,29786,464
153420,50453,1251
153468,3767185,3678
153487,94909,190
153520,71995,2274
153676,52708,1591
153731,33612,120
153799,165224,361
153902,1132317,1292
153981,1599550,53164
154072,675937,30640
154080,64632,1270
154096,7334,204
154143,9662,69
154197,11500,232
154217,903451,1090
154332,68069,2567
154372,23383,338
154402,1362745,1480
154492,7528,191
154567,6423,186
154671,100340,3422
154760,1893,188
154788,837102,43081
154849,1346392,1490
154890,56316,163
154907,18022,300
154931,115,189
154947,179862,11616
154973,10199,208
154983,122610,6625
154989,50706,1448
154996,41905,741
155017,25799,348
155025,57294,2132
155078,14309526,13452
155089,6136,189
155100,34304,591
155159,31590,507
155237,4596,207
155259,54594,2094
155261,79122,3944
155263,44013,786
155283,24159,410
155285,70891,1740
155318,118355,6671
155339,5207,180
155490,1365,62
155557,25231,325
155635,4371312,4139
155762,20819,326
155798,2870,188
155824,644908,18768
155842,45521,790
155856,29932,337
155945,71551,3039
156001,379274,16722
156010,39945,410
156041,168588,4929
156054,946245,44556
156055,54812,1184
156125,9068,191
156140,28561,117
156185,77323,3696
156203,686199,37776
156280,13286,207
156292,4506,180
156402,146125,7368
156512,20860,297
156574,70700,2305
156643,145616,8838
156678,27762,407
156752,1208833,1637
156903,69399,1300
156939,45760,1302
157169,24662,112
157184,1471171,44055
157284,15751,311
157329,141323,6506
157346,508090,27287
157591,171326,429
157619,4310,180
157619,2071,181
157654,48963,437
157687,3373,224
157714,42979,692
157757,167577,7445
157765,78565,3977
157766,27660,339
157825,190533,7456
157871,65928,2274
157914,192974,8741
157964,8724,198
158278,73042,2166
158343,129462,8201
158449,78854,177
158463,196637,14190
158472,7876,214
158507,1019235,48961
158521,6444,205
158530,9802,69
158537,3119,218
158545,21304,327
158572,38715,137
158622,248137,15776
158692,41809,347
158707,5604,212
158728,91286,2427
158728,49002,735
158738,14638,326
158834,68866,1330
158853,2180,197
159124,1044900,1268
159137,26036,299
159684,4429,66
159804,175411,266
159817,18450,315
159876,4639726,4338
159911,3700,172
160014,3199745,3400
160087,36419,575
160117,60908,2294
160130,165369,9036
160137,345366,22252
160160,1639961,1676
160243,37240,691
160251,1676,172
160332,5666,213
160341,190465,10774
160508,38215,129
160510,2277,190
160516,78381,2642
160538,40827,1116
160572,3213,181
160615,36681,330
160685,106089,6041
160695,7694,223
160707,357,169
160708,59220,2714
160758,63903,2862
160791,3879,84
160913,63231,162
160974,2761807,2767
161052,926190,1306
161179,6325,231
161181,73365,1733
161327,54602,1590
161416,24086,349
161417,23359,111
161418,167923,8528
161507,5691,66
161680,66535,3048
161758,59030,442
161851,114017,3300
161897,2566,161
161996,29331,378
162001,11539,71
162042,1341589,58114
162092,42141,933
162094,23329,296
162116,289,195
162142,4219,216
162148,121165,5676
162175,12346,218
162179,3681,185
162219,1836,229
162290,17981,384
162293,17316,336
162405,28720,361
162410,111203,4644
162424,480,196
162461,32547,428
162480,12590,186
162482,36393,671
162487,904382,46420
162512,78461,3964
162547,1200664,1549
162558,70927,3588
162640,1201793,50399
162714,5652,206
162735,20965,356
162816,44725,1420
162849,1042448,1172
162858,116338,5118
162916,2037,214
162921,36518,649
162944,8894,244
162992,6988,237
163026,77564,2417
163090,136721,8315
163208,15130,357
163386,13870,229
163391,70344,3090
163434,140189,231
163442,49708,1479
163470,25885,347
163488,47906,173
163503,31201,523
163563,5954,67
163603,2115,216
163617,26569,542
163725,10829,239
163826,61506,2621
163839,1803054,60717
163880,1652224,63880
163891,27887,116
163908,978,189
163939,298363,19406
164000,62929,1461
164116,5744,176
164136,5337,210
164150,19054,365
164185,11055,74
164215,22871,338
164226,2096638,5030
164265,6032,182
164347,25278,310
164398,45411,1308
164469,61248,2696
164516,4287,186
164520,1182384,34006
164524,1281900,57497
164604,21217,344
164634,1162468,56273
164649,21477,352
164659,27610,527
164786,5539,174
164841,62520,165
164919,24964,380
164943,207,205
165355,139214,7309
165576,27251,463
165663,74658,2727
165671,3421028,3332
165674,6910,224
165729,26042,351
165817,27432,409
165819,20348,330
165834,336,177
165918,22493,304
165992,129388,8205
166074,55020,1710
166100,959132,52595
166163,57927,910
166245,65551,2187
166306,23049,376
166343,3696,211
166370,96379,5413
166450,2830178,2932
166605,9809,197
166605,2918,205
166620,19952,366
166624,5980,207
166643,16799,309
166657,63839,204
166663,24287,382
166791,45264,1371
166850,37213,125
166882,61246,1814
166922,4850,191
166958,877156,43459
167050,11133,224
167112,770344,40382
167144,57939,1476
167339,5020,186
167376,34641,673
167417,61233,2698
167494,45423,1365
167517,79588,4036
167522,66317,169
167522,37499,793
167548,6991,182
167559,5316,206
167581,44017,179
167592,55938,1410
167832,5321,185
167870,69090,1955
167891,2817,196
167950,8151,73
167958,1426442,65822
168090,35480,594
168239,11930,224
168317,28464,441
168368,35843,599
168392,43331,128
168418,13621029,14759
168424,876364,35141
168560,2250,214
168627,115435,6510
168684,66520,3234
168728,575613,42684
168836,192699,8157
168906,41690,1020
169001,25491,319
169108,25334,373
169124,564893,28006
169133,53506,1962
169146,1268,221
169279,55833,2433
169355,71891,3030
169373,36045,675
169378,5123,207
169384,9095,227
169486,1253,202
169605,72591,171
169620,11108,192
169675,34110,683
169743,6338,199
169772,47722,1454
169805,78482,4128
169809,42596,949
169895,39239,712
170002,238567,12246
170036,24149,113
170074,213938,11056
170177,28456,479
170189,52065,1534
170218,72275,3586
170261,1176139,1273
170315,62969,2773
170356,61605,3089
170357,8871895,8700
170361,8795291,8676
170429,5038804,4735
170475,20343,353
170501,7401,226
170512,61260,994
170637,18360,332
170716,5219,170
170728,805128,41707
170737,27339,462
170749,36967,951
170761,39830,126
170780,5546,180
170800,35434,563
170862,7235,185
171034,11272,192
171051,21115,121
171217,584190,41012
171251,72657,2982
171368,29732,507
171489,18658,333
171561,25722,338
171600,358235,21606
171609,728038,47277
171655,32127,545
171655,33343,120
171685,816333,1064
171716,21378,336
171809,42267,823
171887,2500,178
171920,27941,521
172026,15101,308
172064,976349,57057
172072,73026,176
172073,10829,218
172106,7964,211
172283,1297341,1411
172296,15533,355
172375,36191,468
172436,1543520,59501
172453,25973,435
172501,341876,460
172554,21979,408
172564,68573,3854
172697,53862,1968
172716,74451,4238
172955,174187,1612
172969,870,204
173320,27884,448
173340,21749,339
173398,21115,109
173415,57212,2065
173438,27187,134
173459,28646,116
173470,204207,15517
173636,513934,38261
173687,9688,213
173712,78157,2947
173752,6936,205
173778,1602065,66666
173827,3545435,3281
173828,33906,648
173859,60965,2769
173938,46988,1051
173979,381285,22759
174001,79301,5288
174006,41218,852
174040,2761,71
174068,30936,479
174154,628559,40871
174244,9306,222
174433,2605,229
174530,1767949,68286
174591,8102,236
174605,22981,346
174606,791650,49312
174683,1843859,74683
174777,338517,25891
174779,53195,1107
174914,35725,563
174954,51676,153
174992,81852,180
175016,20084,334
175037,453813,35287
175049,24681,368
175110,35089,640
175115,40346,126
175221,49179,1497
175345,51047,1967
175346,5931,68
175383,19769,108
175418,10025,221
175443,45693,522
175640,25776,113
175660,56109,2212
175710,1385805,1476
175764,55649,2094
175767,36590,680
175848,262741,13027
175853,308862,21230
175860,31010,482
175883,9223,205
176024,3339,188
176087,70013,794
176141,104855,6938
176223,54702,2341
176292,9554,191
176389,4135610,3990
176558,145,213
176580,35230,536
176590,44770,1218
176592,182830,12773
176634,5494,161
176674,22645,467
176680,34824,739
176698,75937,1966
176707,67055,168
176778,6446,233
176911,63690,2188
176980,44552,1425
177095,4019,202
177164,76637,2128
177275,5901,177
177323,1981,214
177340,15833,341
177421,531442,40115
177432,55044,2382
177521,7883,254
177560,690430,45484
177574,66351,2902
177617,31817,544
177618,1087637,63910
177746,1156268,66345
177765,78164,3739
177793,68810,168
177797,78576,4026
177893,46060,1131
177934,327337,22077
177968,5119,260
177981,138654,8671
178031,28052,383
178044,39526,127
178044,55664,2419
178054,16187,295
178069,1628667,1969
178071,176614,12490
178083,773471,42818
178309,9821,69
178333,451172,30450
178374,8168865,7768
178418,32334,572
178420,794,215
178459,447182,25952
178498,8211,208
178536,754149,51858
178601,14105,223
178620,25302,114
178813,46110,1395
178860,180623,5707
178902,990267,58060
178910,27862,385
178978,3858,223
179008,712,211
179119,22730,393
179147,28777,117
179192,1880328,79192
179248,48668,1703
179336,63212,3282
179473,1278,198
179511,74961,2978
179567,323426,20271
179586,679557,1112
179598,176398,11966
179667,2816,63
179668,549882,32406
179847,4885,188
179868,575505,44996
179914,44194,146
180087,27577,460
180177,187320,14848
180178,45714,806
180438,22394,363
180543,9966266,9848
180698,1022024,55476
180716,157413,10080
180804,69213,3792
180823,23288,345
180887,5867,66
180972,4391,182
181052,26538,115
181098,46770,1445
181136,17597,393
181183,338750,25158
181223,26968,583
181294,932822,57275
181294,74000,790
181305,797605,57033
181419,50448,2051
181419,86084,4574
181460,1013443,57808
181473,78729,1575
181494,47544,1566
181640,55979,2299
181791,119874,8641
181821,79757,3684
181829,76941,4175
181869,8699,269
181897,60277,639
181908,5863,210
181918,19339,321
182023,13411,73
182054,90642,188
182076,5634,233
182102,6898,67
182133,48343,908
182141,1554930,1712
182210,4862,281
182244,21845,370
182323,225789,18728
182403,63223,2981
182418,24690,368
182497,51359,1229
182529,15532,360
182548,21754,297
182563,77276,4885
182586,61438,3302
182683,884393,59076
182722,3125379,3014
182762,74013,3730
182788,5912,192
182885,5744,217
182917,24722,383
182954,70007,3166
183009,120438,222
183171,46018,1514
183225,24657,416
183317,1366016,79933
183411,39467,791
183441,31807,586
183491,658063,40087
183498,875527,1257
183619,29088,567
183694,359691,532
183742,17818,364
183778,56010,2718
183955,323986,18103
184021,33568,623
184023,6845,200
184046,931669,57571
184186,35336,618
184299,25174,112
184395,50302,2061
184431,19724,384
184452,4325,218
184537,73501,3917
184559,2724428,2968
184574,2501,204
184610,148712,10338
184624,39107,782
184700,1579,220
184725,79256,4477
184726,11286,254
184796,1569,196
184864,19549,108
184924,68665,3836
184978,308,189
185082,43249,1176
185152,2945,202
185181,45127,147
185209,368649,27981
185212,978167,50619
185264,66567,3730
185390,67573,2688
185410,79776,2730
185490,37162,840
185537,4948,194
185569,2769,171
185579,27629,525
185601,2371,219
185733,8621,260
185774,24205,313
185855,541106,682
185938,148177,10898
186056,23907,434
186067,20155,108
186089,492791,34854
186093,38687,860
186120,271231,17996
186143,68528,4042
186154,1022,226
186185,27308,474
186199,433534,31748
186526,1244,215
186567,1884,208
186597,9188,233
186599,29148,504
186633,1825,206
186805,39567,654
186945,2559616,2612
186947,4772,227
186971,1902,177
186973,1535856,84222
187023,10873,229
187082,474,226
187086,73343,4140
187104,18303,365
187135,5749,227
187143,834092,54309
187152,297475,24237
187169,125921,9370
187181,24078,375
187236,23413,368
187275,401,231
187307,41405,526
187317,85601,191
187334,79129,4580
187334,879,203
187402,161670,251
187476,15213,357
187526,70812,3455
187553,3036,254
187584,767193,50120
187605,957238,63340
187644,154430,10847
187686,20559,110
187746,480480,34083
187782,29312,117
187859,30553,567
187866,148679,7451
187877,7892,234
187957,2071,193
188009,1463,216
188112,730166,48889
188133,54334,155
188184,16581,105
188186,36543,765
188212,27492,529
188275,29264,476
188285,55419,181
188321,1075073,1489
188406,2456412,2526
188458,8580,254
188574,23630,362
188693,27843,506
188939,68046,168
188976,64410,3436
189058,22118,390
189069,1227,239
189102,71337,3586
189167,586575,45024
189227,4592,219
189234,9797,240
189251,246123,22339
189271,27545,512
189280,23319,446
189285,34722,688
189476,5668,216
189585,53713,2154
189642,9204,71
189781,63658,2461
189873,587993,46847
189874,5006,274
189877,1730218,1837
189879,9958,265
189890,72679,3861
189894,706624,37251
189989,16257,379
189997,52954,2228
190018,610858,41943
190048,82662,4813
190075,786853,37311
190079,42612,1331
190135,18669,459
190156,28959,562
190157,1080681,64047
190211,22815,113
190389,4792,199
190449,45876,1018
190545,326396,27866
190550,1489078,84951
190588,6335,215
190605,25065,460
190661,6823,242
190675,33253,692
190700,164968,257
190767,126875,8410
190793,11488,256
190800,22668,401
190830,4118,296
190866,1917507,2250
190922,24860,373
190985,27420,599
191042,7423,194
191060,57479,2935
191095,79117,4274
191168,7586,179
191258,57991,2571
191264,798940,1232
191281,67651,3729
191430,11821,247
191507,91355,5921
191510,199319,17520
191517,7232,246
191545,14667,389
191597,2651,198
191607,4974,226
191702,7636641,7095
191730,299082,25760
191755,68380,3737
191756,34525,677
191771,33867,707
191798,43086,517
191818,38931,523
191828,29568,559
191872,18473,339
191883,12395,248
191899,50634,1907
191927,69892,214
192010,315852,430
192012,3075469,3073
192019,72889,503
192123,17409,357
192132,63727,2449
192161,2456,201
192195,420,197
192234,6055,244
192369,1254,174
192390,58966,2755
192426,647076,43109
192452,12670,74
192464,9723,249
192579,8119,69
192878,16452,105
193019,1680,63
193030,43273,584
193083,377313,29317
193249,530,201
193330,5030,239
193399,946453,72919
193402,134678,9257
193420,7396,247
193500,60439,2998
193501,60838,2621
193574,35504,698
193663,70304,4501
193680,37865,835
193685,38672,830
193753,114941,6684
193776,1867545,2026
193784,43676,1438
193856,20850,381
193860,26271,441
193883,152146,10526
193914,1736963,1867
194015,2905,225
194028,40620,1015
194032,2938,63
194044,22262,376
194051,778765,1165
194127,9223,218
194187,43864,1448
194198,6679,234
194207,67285,3931
194370,14964,358
194444,20789,413
194509,3475,241
194566,19667,397
194639,2167,63
194705,22420,421
194727,294,60
194824,33738,705
194843,115,176
194846,7496,234
194888,1765,267
194902,58152,159
194918,73219,4494
194989,97182,6447
194992,277815,25185
195044,45254,1334
195072,45851,1568
195102,5405,233
195233,45985,1482
195256,7763,229
195278,69228,4401
195321,24090,414
195329,2441,229
195358,59347,3171
195382,145614,10949
195449,876665,1089
195661,3741,202
195673,34559,594
195739,67654,4071
195790,2296,215
195936,6316,247
195964,25496,409
196025,7092,214
196100,75804,173
196159,3775,230
196191,6839,226
196231,97743,195
196269,44501,147
196297,174138,9234
196364,980601,63115
196426,1399083,77518
196441,76174,4226
196505,72590,3894
196518,366180,33526
196542,45490,148
196583,37321,804
196605,25473,350
196606,73677,4727
196629,65552,3914
196708,28213,636
196755,22747,484
196795,20071,375
196815,124234,9869
196856,23416,477
196858,30834,117
196896,1616069,1712
196936,6358,248
197002,6868,232
197036,125784,235
197120,150603,7660
197145,45993,1731
197161,79231,5094
197185,358552,28200
197268,20694,376
197270,76053,4611
197411,11418,264
197651,49584,1684
197754,8770,241
197763,62667,3507
197827,25510,428
197857,14297,73
197911,4266,214
197922,26595,115
197958,944834,1438
198119,1079782,66062
198141,1060567,74198
198175,23808,377
198184,79910,4909
198250,1339045,1453
198259,1840272,2098
198296,46705,1628
198357,3153,64
198395,692459,43210
198434,31354,524
198440,119599,8255
198457,14166,246
198551,26530,116
198560,9370,69
198578,190810,14739
198737,9028,241
198790,29482,528
198866,23506,414
198906,26088,452
199059,25642,447
199118,20698,441
199177,411070,588
199304,35184,724
199342,3599,246
199554,165234,13724
199559,36720,123
199647,61045,3628
199649,3137049,3272
199729,398245,33069
199753,68903,1954
199755,466,279
199798,27912,585
199814,920927,1287
199886,79488,4840
200002,4457,272
200010,33295,779
200074,574,204
200115,44625,1474
200124,4866,224
200221,131014,8097
200228,20173,424
200285,20263,451
200468,642455,1348
200606,37945,833
200609,53520,2095
200668,71839,3999
200732,41154,1073
201050,729114,58808
201194,47046,1750
201238,61516,2976
201241,45675,1574
201303,120931,7918
201838,54803,2295
202016,71275,4528
202066,67481,3716
202111,2033115,100741
202290,303270,28749
203050,68631,3822
203058,1944504,99510
203223,1943940,97319
203518,126115,9978
203531,2267239,99286
203668,458043,43720
204033,887761,66040
204043,1377377,81412
204225,76716,4466
204227,125662,9387
204547,1586864,95580
204565,1176115,77771
204860,112580,8564
204862,1655992,102454
205184,747808,58883
205244,134009,7465
205412,645998,51624
205585,127338,9562
205729,719792,63455
206022,380328,30545
206096,612983,48979
206173,803856,70479
206241,109690,7407
206356,742428,47892
206364,773956,53441
206720,1922218,103161
206844,738317,65117
207057,116134,7723
207221,152980,12641
207434,160900,13210
207533,659774,58193
207993,724538,59872
208532,273881,23922
208730,1341585,97899
208741,220962,15378
209027,826640,74558
209096,1307171,94322
209564,166586,15373
209774,1597730,96610
210032,1464654,100198
210452,966775,69173
210877,758785,52410
211150,245515,18982
211617,605310,54351
211923,168446,12753
212041,682775,56227
212317,1241884,85889
213178,331991,31314
214095,322442,28932
214318,1928014,105325
215034,198625,16291
215518,529957,43015
215591,210057,17905
215599,1255760,84104
216618,206642,18063
216782,207080,17969
216967,770081,68841
217152,485965,37111
217547,594665,41297
217746,274338,18902
217933,313793,28198
218090,1251213,57549
218227,925012,83484
218259,350225,29465
218540,442879,39914
219107,2535056,118928
219358,319517,28077
219420,508459,49081
219753,1596873,108867
220278,339087,29234
220727,26338684,24309
221510,1187191,102627
221534,1585446,98469
222562,764519,63726
222915,2275473,122463
223111,379037,36901
223117,363734,31207
223284,1233315,84913
223394,1567906,98756
224017,1361916,98570
224069,1090066,76628
224180,612444,54590
224445,306052,24963
224483,1519802,95211
224782,405377,33394
225013,546529,48193
225399,365524,32954
225436,338223,31062
226525,334773,29477
226812,1151927,74054
226998,899882,66806
227799,653819,59269
227957,395427,30146
228309,396228,34024
228598,397003,37043
228782,1082580,85509
228988,1119210,83637
229445,722144,60560
229597,432133,30041
229658,1254204,92442
229870,1025304,75992
230037,1275559,88309
230130,697544,63061
230268,780873,63755
230368,519624,44547
231014,805246,65483
231310,545168,45005
231372,996190,82179
232139,848129,79017
232305,449044,39761
232622,1561183,107165
232666,1554768,119244
232922,616607,54036
233758,418396,36469
233946,545182,43828
234066,869893,73536
234931,1322655,95568
235054,1051778,72984
235723,1730748,111543
235885,449250,39125
236210,1196837,101804
236909,543750,49682
237174,1187345,92295
237273,708816,62068
237993,865154,74434
238098,2247627,134733
238223,744537,57882
239354,469878,41729
239636,805773,69435
239835,1665915,119271
239865,1090889,74212
240942,1517406,106455
241413,985092,77655
241841,1010412,81152
241982,1395112,113192
242056,1973571,116967
242101,1515982,113485
242235,1315938,91550
242484,635629,58914
242613,695363,64845
242671,1175468,91685
242906,2807262,131490
243583,1527193,105671
243704,1995202,121849
244175,1019655,77635
244183,1157328,82331
244704,3867338,144606
245117,1238432,92370
246110,657620,46156
246365,726546,53119
246386,686904,62699
247001,728644,60838
247040,935375,85122
247064,1172763,93313
247421,1716569,126569
247557,1108352,94013
247702,1007495,93594
248004,1059580,87677
248802,1446268,75481
248866,1391844,104074
248977,1088087,94082
249999,1260712,100998
250828,990975,79378
250875,891842,83945
250907,1582479,123161
251141,1094999,92351
251743,1125517,98201
251870,1543854,116987
252701,895436,67053
252739,1589354,105936
253147,640275,57406
253388,1977213,136848
254136,1898282,138258
254172,3097517,154172
254358,995624,93768
254780,834281,61987
254893,1111340,75991
255198,1109153,93904
255471,1138106,95665
255476,845521,71244
255495,894306,75924
255681,938625,72818
256454,1797589,132176
256498,832516,75663
256525,1676275,114058
256747,940304,71788
257185,1974468,134948
257404,1018883,79902
257944,1706137,128207
258190,1204906,105741
258282,963075,69548
258515,1006426,84402
258574,836393,68945
258790,1968856,124968
258832,784802,69532
259184,1258857,103109
259830,1537468,103245
260066,767407,71314
260395,768085,63195
260706,1442277,109832
260754,987479,88007
260769,1150989,100541
261065,1273477,88241
261185,1355849,116601
261230,1481289,122351
261279,2950212,161279
261376,1839193,143058
261653,1319606,107574
261956,1790712,138701
262138,1746761,118487
262149,1206532,101813
262947,1613401,132527
263005,1847653,134730
263284,1750880,95669
265099,2296280,155756
265232,976020,85241
265267,1979931,151651
265557,1295527,93397
266363,898103,80424
266402,1250071,103330
266432,1248057,106163